doi,title,year,reason
10.52133/ijrsp.v6.71.6,Enhancing Risk Management in Events by Providing AI-Risk Assessment Framework,2025,"Not a quantitative forecasting, demand-modelling or tourism-sustainability study (perception/SEM, qualitative, conceptual, educational, technical non-tourism)"
10.18089/tms.2022.180302,Effect of internal corporate social responsibility activities on tourism and hospitality employees’ normative commitment during COVID-19,2022,"Not a quantitative forecasting, demand-modelling or tourism-sustainability study (perception/SEM, qualitative, conceptual, educational, technical non-tourism)"
10.30892/gtg.634spl28-1643,THE TRANSFORMATIVE ROLE OF PLACE ATTACHMENT IN CONVERTING SUSTAINABILITY PERCEPTIONS INTO ACTIVE TOURIST ADVOCACY,2025,"Not a quantitative forecasting, demand-modelling or tourism-sustainability study (perception/SEM, qualitative, conceptual, educational, technical non-tourism)"
10.3727/108354215x14464845877995,Religious Tourism and Economic Growth in Oil-Rich Countries: Evidence from Saudi Arabia,2015,"Tourism-growth nexus only (no demand forecasting/modelling of tourism outcome, no sustainability dimension)"
10.18488/31.v12i2.4595,Hybrid tourism and territorial development: The case of voluntourism and alternative tourism in Saudi Arabia,2025,"Not a quantitative forecasting, demand-modelling or tourism-sustainability study (perception/SEM, qualitative, conceptual, educational, technical non-tourism)"
10.34021/ve.2020.03.04(2),The Relation between Tourism and Economic Growth: A Case of Saudi Arabia as an Emerging Tourism Destination,2020,"Tourism-growth nexus only (no demand forecasting/modelling of tourism outcome, no sustainability dimension)"
10.3390/economies9030117,The Role of Tourism in Economic Growth: Empirical Evidence from Saudi Arabia,2021,"Tourism-growth nexus only (no demand forecasting/modelling of tourism outcome, no sustainability dimension)"
10.21833/ijaas.2021.09.008,COVID-19 and tourism sector: A perspective of Saudi Arabia,2021,"Not a quantitative forecasting, demand-modelling or tourism-sustainability study (perception/SEM, qualitative, conceptual, educational, technical non-tourism)"
10.30892/gtg.662spl37-1798,THE INFLUENCE OF THE DIVERSITY OF TOURIST REGIONS ON THE CHOICE OF TOURIST DESTINATIONS IN SAUDI ARABIA,2026,"Not a quantitative forecasting, demand-modelling or tourism-sustainability study (perception/SEM, qualitative, conceptual, educational, technical non-tourism)"
10.3390/su132313372,"Forecasting the Impact of Gross Domestic Product (GDP) on International Tourist Arrivals to Langkawi, Malaysia: A PostCOVID-19 Future",2021,Outside geographic scope (not Middle East)
10.30519/ahtr.990903,Forecasting Tourist Arrivals to Sangiran Using Fuzzy with Calendar Variations,2022,Outside geographic scope (not Middle East)
10.1108/jhti-03-2024-0223,Enabling hotel circularity via Industry 4.0 innovations for enhanced hotel performance: insights from Saudi Arabia and Egypt,2024,"Not a quantitative forecasting, demand-modelling or tourism-sustainability study (perception/SEM, qualitative, conceptual, educational, technical non-tourism)"
10.3390/su17052328,Leveraging Spectral Clustering and Long Short-Term Memory Techniques for Green Hotel Recommendations in Saudi Arabia,2025,"Not a quantitative forecasting, demand-modelling or tourism-sustainability study (perception/SEM, qualitative, conceptual, educational, technical non-tourism)"
10.30892/gtg.43321-915,THE IMPACT OF RELIGIOUS TOURISTS’ SATISFACTION WITH HAJJ SERVICES ON THEIR EXPERIENCE AT THE SACRED PLACES IN SAUDI ARABIA,2022,"Not a quantitative forecasting, demand-modelling or tourism-sustainability study (perception/SEM, qualitative, conceptual, educational, technical non-tourism)"
10.3390/su18063124,Sustainable Destination Marketing in Saudi Arabia: Effects of Sustainability Storytelling and Smart Tourism Interactivity on Responsible Vis,2026,"Not a quantitative forecasting, demand-modelling or tourism-sustainability study (perception/SEM, qualitative, conceptual, educational, technical non-tourism)"
10.55908/sdgs.v11i11.1639,Challenges Facing Tourism for People with Disabilities (Accessible Tourism) in the Kingdom of Saudi Arabia,2023,"Not a quantitative forecasting, demand-modelling or tourism-sustainability study (perception/SEM, qualitative, conceptual, educational, technical non-tourism)"
10.24922/eot.v6i2.53474,Motivation towards Inbound Tourism: A Study of Middle East Tourist,2019,"Not a quantitative forecasting, demand-modelling or tourism-sustainability study (perception/SEM, qualitative, conceptual, educational, technical non-tourism)"
10.63556/jotags.2026.1930,"Türkiye'ye Yönelik Yabancı Turizm Talebinin Öngörülmesi: Reel Efektif Döviz Kuru, Mevsimsellik ve Makine Öğrenmesi Modelleri (Forecasting Fo",2026,Non-English full record or conference proceedings
10.14505/jemt.v14.4(68).03,The Contribution of Tourism Industry Cash Flows to Economic Growth “Middle East Evidence”,2023,"Tourism-growth nexus only (no demand forecasting/modelling of tourism outcome, no sustainability dimension)"
10.24114/cess.v7i2.33959,Forecasting Room Occupancy Rates Based on Hotel Class in Bali Using the ARIMA Method,2022,Outside geographic scope (not Middle East)
10.3390/su12229620,"Urban Sprawl, Socioeconomic Features, and Travel Patterns in Middle East Countries: A Case Study in Iran",2020,"Not a quantitative forecasting, demand-modelling or tourism-sustainability study (perception/SEM, qualitative, conceptual, educational, technical non-tourism)"
10.32479/ijeep.14410,Do Tourism and Renewable Energy Influence CO2 Emissions in Tourism-Dependent Countries?,2023,Eligibility not determinable from metadata (region or tourism link unconfirmed)
10.1371/journal.pone.0328456,Estimating CO2 emissions due to present and future suborbital space tourism industry,2025,Outside geographic scope (not Middle East)
10.3390/su8070605,Is Tourism Development a Sustainable Economic Growth Strategy in the Long Run? Evidence from GCC Countries,2016,"Tourism-growth nexus only (no demand forecasting/modelling of tourism outcome, no sustainability dimension)"
10.3390/su162310760,Transport Sector Emissions and Environmental Sustainability: Empirical Evidence from GCC Economies,2024,Eligibility not determinable from metadata (region or tourism link unconfirmed)
10.3390/su17115058,Sustainable Tourism and Its Environmental and Economic Impacts: Fresh Evidence from Major Tourism Hubs,2025,Outside geographic scope (not Middle East)
10.29313/amwaluna.v8i1.3476,Bibliometric Analysis of Halal Tourism (Hajj and Umrah) Development in the World,2024,"Not a quantitative forecasting, demand-modelling or tourism-sustainability study (perception/SEM, qualitative, conceptual, educational, technical non-tourism)"
10.47747/ijmhrr.v5i2.1705,"The Influence of Service Quality, Prices, and Promotions on the Satisfaction of Pilgrims on Hajj and Umrah Destinations at the Hajj and Umra",2024,"Not a quantitative forecasting, demand-modelling or tourism-sustainability study (perception/SEM, qualitative, conceptual, educational, technical non-tourism)"
10.55677/gjefr/02-2025-vol02e10,"Shariah-Compliant Financial Services for Hajj and Umrah: Products, Challenges, and Policy Recommendations",2025,"Not a quantitative forecasting, demand-modelling or tourism-sustainability study (perception/SEM, qualitative, conceptual, educational, technical non-tourism)"
10.1109/access.2025.3532385,Machine Learning-Integrated Usability Evaluation and Monitoring of Human Activities for Individuals With Special Needs During Hajj and Umrah,2025,"Operational/crowd/health prediction, not tourism demand or sustainability"
10.1016/j.aej.2025.12.032,Predictive analysis of Hajj and Umrah performance using key performance indicators (KPIs) and machine learning (ML),2026,"Operational/crowd/health prediction, not tourism demand or sustainability"
10.61132/wjilt.v2i3.434,Digital Books as Learning Media for Islamic Religious Education on Hajj and Umrah Material for Middle School Students,2025,"Not a quantitative forecasting, demand-modelling or tourism-sustainability study (perception/SEM, qualitative, conceptual, educational, technical non-tourism)"
10.1016/j.eswa.2023.122204,A customized deep learning-based framework for classification and analysis of social media posts to enhance the Hajj and Umrah services,2024,"Not a quantitative forecasting, demand-modelling or tourism-sustainability study (perception/SEM, qualitative, conceptual, educational, technical non-tourism)"
10.21580/nw.2025.19.1.26704,Building Virtual Reality Hajj Journey Learning Media  as a Simulation Tool for Teaching Hajj and Umrah Topics,2025,"Not a quantitative forecasting, demand-modelling or tourism-sustainability study (perception/SEM, qualitative, conceptual, educational, technical non-tourism)"
10.38035/jgia.v3i4.568,Economic Improvement Based on Hajj and Umrah Business in Indonesia,2025,"Not a quantitative forecasting, demand-modelling or tourism-sustainability study (perception/SEM, qualitative, conceptual, educational, technical non-tourism)"
10.1109/access.2024.3394905,Crowd Congestion Forecasting Framework Using Ensemble Learning Model and Decision Making Algorithm: Umrah Use Case,2024,"Operational/crowd/health prediction, not tourism demand or sustainability"
10.5339/jist.2025.12,Utilizing information technology to address challenges in Hajj and Umrah: A narrative review,2025,"Not a quantitative forecasting, demand-modelling or tourism-sustainability study (perception/SEM, qualitative, conceptual, educational, technical non-tourism)"
10.55041/ijsrem37043,3D Modelling for the Hajj and Umrah Pilgrims,2024,"Not a quantitative forecasting, demand-modelling or tourism-sustainability study (perception/SEM, qualitative, conceptual, educational, technical non-tourism)"
10.1016/j.aej.2025.06.043,Smart mobile application for real-time monitoring and prediction of pilgrim crowd activities in Hajj and Umrah using wearable sensors,2025,"Operational/crowd/health prediction, not tourism demand or sustainability"
10.24191/idealogy.v10i2.834,An Analysis on 3D Modelling Technique in Virtual Reality for Hajj and Umrah Simulation,2025,"Not a quantitative forecasting, demand-modelling or tourism-sustainability study (perception/SEM, qualitative, conceptual, educational, technical non-tourism)"
10.1080/1528008x.2025.2599751,A PLS – Neural Network Approach to Study Factors Influencing Gulf Cooperation Council Tourists’ Shopping Intention in Malaysia,2025,"Not a quantitative forecasting, demand-modelling or tourism-sustainability study (perception/SEM, qualitative, conceptual, educational, technical non-tourism)"
10.53596/ma0frs79,Regional Tourism and Global Challenges in the Face of Political Uncertainty: Case STUDY of the Mena Region Turismo regional y desafíos globa,2025,"Not a quantitative forecasting, demand-modelling or tourism-sustainability study (perception/SEM, qualitative, conceptual, educational, technical non-tourism)"
10.14505//jemt.v12.2(50).29,The Contribution of Tourism to Economic Growth: The Case of Qatar,2021,"Tourism-growth nexus only (no demand forecasting/modelling of tourism outcome, no sustainability dimension)"
10.47259/ijrebs.2025.634,Revitalization of Oman’s Tourism Destinations through the Omani Youth’s Level of Engagement and Satisfaction with Technological Innovations,2025,"Not a quantitative forecasting, demand-modelling or tourism-sustainability study (perception/SEM, qualitative, conceptual, educational, technical non-tourism)"
10.3727/154427320x15828792518754,An Analytical Approach to Cruise Tourism As an Option For Development: a Case Study of the Sultanate of Oman,2020,"Not a quantitative forecasting, demand-modelling or tourism-sustainability study (perception/SEM, qualitative, conceptual, educational, technical non-tourism)"
10.3390/admsci12040168,Fusion of Sustainability in the Tourism Industry for Improved Competitiveness: Investigation of Five-Star Hotels in Kuwait,2022,"Not a quantitative forecasting, demand-modelling or tourism-sustainability study (perception/SEM, qualitative, conceptual, educational, technical non-tourism)"
10.3390/su11071907,"Residents’ Perceptions and Satisfaction toward Tourism Development: A Case Study of Petra Region, Jordan",2019,"Not a quantitative forecasting, demand-modelling or tourism-sustainability study (perception/SEM, qualitative, conceptual, educational, technical non-tourism)"
10.30892/gtg.50403-1121,PERCEPTION OF LOCAL COMMUNITY TOWARDS TOURISM DEVELOPMENT: A STUDY ON RURAL TOURISM SITES OF JORDAN,2023,"Not a quantitative forecasting, demand-modelling or tourism-sustainability study (perception/SEM, qualitative, conceptual, educational, technical non-tourism)"
10.30892/gtg.58105-1390,"TOURISM EXPERIENCES, MOTIVATIONS, AND TRAVEL LIFESTYLES PREFERENCES FOR DOMESTIC TOURISTS: A CASE OF JORDAN",2025,"Not a quantitative forecasting, demand-modelling or tourism-sustainability study (perception/SEM, qualitative, conceptual, educational, technical non-tourism)"
10.3390/su151310013,"Determinants of Residents’ Support for Sustainable Tourism Development: An Empirical Study in Midyat, Turkey",2023,"Not a quantitative forecasting, demand-modelling or tourism-sustainability study (perception/SEM, qualitative, conceptual, educational, technical non-tourism)"
10.18092/ulikidince.442734,RELIGION AND TOURISM IN TURKEY: AN ECONOMICALLY EMPIRICAL STUDY RELIGION AND TOURISM IN TURKEY: AN ECONOMICALLY EMPIRICAL STUDY*,2019,"Tourism-growth nexus only (no demand forecasting/modelling of tourism outcome, no sustainability dimension)"
10.31201/ijhmt.696185,AGRO TOURISM IN TURKEY,2020,"Not a quantitative forecasting, demand-modelling or tourism-sustainability study (perception/SEM, qualitative, conceptual, educational, technical non-tourism)"
10.34190/eckm.27.1.4788,Hybrid ARIMA-LSTM Knowledge Management for Strategic Tourism Demand Forecasting in Morocco,2026,Non-English full record or conference proceedings
10.55677/gjefr/10-2024-vol01e7,"VECM Model Analysis of the Causality between Tourism, Foreign Direct Investment and Economic Growth in Tunisia",2024,"Tourism-growth nexus only (no demand forecasting/modelling of tourism outcome, no sustainability dimension)"
10.1177/1354816619836338,Tourism–growth nexus under duress: Lebanon during the Syrian crisis,2019,"Tourism-growth nexus only (no demand forecasting/modelling of tourism outcome, no sustainability dimension)"
